product_id,product_name,category,brand,source,ingredient_image_filename,ground_truth_ingredient_text,nova_label,notes
SL001,Milco Dairy Ice Cream - Vanilla Flavoured,Ice cream,Milco,Field collection (Sri Lanka),SL001_pakcage.jpeg,"Cow Milk, Sugar, Milk Solids, Glucose Syrup, Permitted Stabilizers (Mono and Diglycerides of Fatty Acids (INS 471), Guar Gum (INS 412), Sodium Carboxymethylcellulose (INS 466) / Locust Bean Gum (INS 410), Carrageenan (INS 407)), Nature Identical Vanilla Flavour, Annatto Extracts (INS 160b)",4,"Brand (Milco) and product name visible in shot, not purely ingredient-only crop; filename has typo 'pakcage'."
SL002,Sunquick Orange Fruit Drink,Fruit drink / juice-based beverage,Sunquick,Field collection (Sri Lanka),SL002_pcakage.jpeg,"Water, sugar, orange juice from concentrate, acidity regulator (citric acid INS 330), stabiliser (cellulose gum INS 466), vitamin C, natural orange flavourings, vitamin A",4,Brand (Sunquick) visible in shot; filename has typo 'pcakage'; nutrition table partially cropped/cut off at bottom of image.
SL003,Kandos Cooking Chocolate (Vanilla),Chocolate / confectionery,Kandos,Field collection (Sri Lanka),SL003_package.jpeg,"Cocoa Mass, Sugar, Cocoa Butter, Emulsifier (Soya Lecithin INS322), Salt & Nature Identical Vanilla Flavour",4,Brand sticker 'Kandos' visible at top of image.
SL004,Malt & Tea Beverage Mix (fortified),Malt-based beverage / drink mix,Not visible,Field collection (Sri Lanka),SL004_package.jpeg,"Malt Extract (70%) (Contains Barley), Milk Solids (17%), Palm Oil, Corn Starch, Minerals (Calcium Carbonate, Ferric Pyrophosphate), Iodized Salt, Soya Lecithin (INS 322i), Sodium Carbonate (INS 500i), Vitamins (B2, B3, B6, B12, C and D), Instant Tea Powder. Contains naturally occurring sugars from milk and malt extract.",4,"No brand name visible in crop, only allergen/vegetarian icon; product name inferred from ingredient list (malt + instant tea powder drink mix)."
SL005,Fortified Milk Biscuits (Vanilla),Biscuits / fortified snack,Not visible,Field collection (Sri Lanka),SL005_package.jpeg,"Wheat flour, Sugar, Vegetable fat (Palm), Inulin (Dietary fiber), Milk protein isolate, Skimmed milk powder, Sugar syrup, Emulsifier (Soya lecithin - INS 322), Leavening agents (Ammonium bicarbonate - INS 503ii, Sodium bicarbonate - INS 500ii), Natural vanilla flavour, Salt, Minerals (Calcium, Iron), Vitamins (Vitamin B5, Vitamin B1, Vitamin A, Vitamin E, Vitamin B9, Vitamin B2, Vitamin D2, Vitamin B12)",4,"No brand visible; ingredient text given trilingually (English, Sinhala, Tamil), English used for ground truth."
SL006,Chilli Garlic Pineapple Relish/Sauce,Condiment / sauce,Not visible,Field collection (Sri Lanka),SL006_package.jpeg,"Vegetable Oil, Onion, Chillie, Vinegar, Sugar, Garlic, Pineapple, Soya Sauce, Ginger, Salt, Citric Acid (INS 330), Potassium Sorbate (INS 202)",4,No brand visible; label bilingual English/French; jar label photographed through curved glass causing some glare.
SL007,Cow & Gate Infant Formula,Infant formula,Cow & Gate,Field collection (Sri Lanka),SL007_package.jpeg,"Lactose (from MILK), Vegetable oils [Palm olein, SOYBEAN oil, SOY lecithin (INS 322), Ascorbyl palmitate (INS 304), DL-alpha-tocopherol (INS 307)], Demineralised whey protein (from MILK), Skimmed MILK, Whey protein concentrate (from MILK), Galacto-oligosaccharides (GOS) (from MILK), Fructo-oligosaccharides (FOS), Minerals (Tricalcium phosphate, Potassium hydroxide, Ferric pyrophosphate, Zinc sulphate, Copper sulphate, Potassium iodide, Manganese sulphate), Vitamins (Sodium ascorbate (vitamin C), Inositol, Choline chloride, Vitamin E, Vitamin A, Vitamin D3, Ascorbyl palmitate (INS 304), Niacinamide, Calcium pantothenate, Vitamin B1, Pyridoxine HCl, Vitamin K1, Vitamin B9 (Folic acid), Single cell oil (source of AA), FISH oil (source of DHA), Nucleotide, L-carnitine, Beta-carotene. ALLERGY ADVICE: MILK, SOY AND FISH.",4,Brand (Cow & Gate) logo visible at top of crop.
SL008,Infant/Follow-on Formula Milk Powder,Infant / follow-on formula,Not visible,Field collection (Sri Lanka),SL008_pakcage.jpeg,"Skimmed Milk Powder, Lactose, Demineralized Whey Powder, High Oleic Sunflower Oil, Soyabean Oil, Coconut Oil, Tricalcium Citrate, Sodium Citrate, Soya Lecithin (INS 322i), Dipotassium Phosphate, Potassium Chloride, Mono- and di-glycerides of fatty acids (INS 471), Oligosaccharide, Vegetable Oils Rich in DHA and ARA, Vitamin C, Dimagnesium Phosphate, Ferrous Sulphate, Zinc Sulphate, Niacin, Vitamin E Concentrate, DL-Alpha-Tocopheryl Acetate, Probiotic Culture (Bifidobacterium lactis), Vitamin B5, Vitamin C palmitate (INS 304), Copper Sulphate, Vitamin A, Vitamin B1, Vitamin B6, Vitamin B2, Folic Acid, Potassium Iodide, Manganese Sulphate, Vitamin K1, Sodium Selenate, Biotin, Vitamin D, Vitamin B12",4,No brand visible in crop; filename has typo 'pakcage'; image shows ingredient list plus nutrition typical-values table.
SL009,"Anchor PediaPro Growing-Up Milk Powder (4-6 years, Vanilla)",Growing-up milk / fortified milk powder,Anchor,Field collection (Sri Lanka),SL009_package.jpeg,"Milk solids, Full cream milk powder, Maltodextrin, Dietary fibre (Inulin), Buttermilk powder, Nature identical (Vanilla) flavour, DHA from algal oil (Contains soy), Vitamins & Minerals (Vitamins B1, B3, B6, C, E, A, D3, Folic acid, Iron, Zinc, Selenium & Copper). Anchor PediaPro 4-6 years is with added Vitamin C, Zinc, Iron, Vitamin A, Vitamin D, Vitamin E, Vitamin B3, Vitamin B1, Vitamin B6, Copper, Folic Acid, Selenium & Prebiotics (Dietary Fibre Inulin)",4,Brand 'Anchor PediaPro' named within the ingredient/description text itself even though no logo is shown.
SL010,AB Mauri Baking Powder,Baking ingredient / leavening agent,AB Mauri,Field collection (Sri Lanka),SL010_package.jpeg,"Corn starch, Sodium acid pyrophosphate (INS 450(i)), Sodium bicarbonate (INS 500(ii)), Monocalcium phosphate (INS 341(i))",2,"Brand (AB Mauri) and manufacturer address visible in shot; classified NOVA 2 (processed culinary ingredient) rather than 4, as baking powder is a raising-agent blend used in food prep rather than a food eaten directly."
